Zip Code ,Population,Case Count - Cumulative,Case Count - Last 30 Days ,Case Count - Last 14 Days ,Case Count Per 100K - Cumulative,Case Count Per 100K - Last 30 Days,Case Count Per 100K - Last 14 Days
43001,2810.0,522.0,90,23,18576.51,3202.85,818.51
43002,3744.0,,,,,,
43003,3005.0,578.0,140,47,19234.61,4658.9,1564.06
43004,26139.0,7466.0,"1,632",321,28562.68,6243.54,1228.05
43005,201.0,35.0,5,,17412.94,2487.56,
43006,655.0,69.0,11,,10534.35,1679.39,
43008,2614.0,446.0,86,27,17061.97,3289.98,1032.9
43009,2453.0,382.0,61,22,15572.77,2486.75,896.86
43010,260.0,68.0,8,,26153.85,3076.92,
43011,7722.0,1611.0,252,80,20862.47,3263.4,1036.0
43013,809.0,227.0,47,12,28059.33,5809.64,1483.31
43014,3507.0,588.0,98,22,16766.47,2794.41,627.32
43015,55462.0,12873.0,"3,244",831,23210.49,5849.05,1498.32
43016,36260.0,8572.0,"2,097",459,23640.38,5783.23,1265.86
43017,40649.0,8605.0,"2,029",510,21169.03,4991.51,1254.64
43019,9295.0,1721.0,271,81,18515.33,2915.55,871.44
43021,12327.0,2929.0,512,163,23760.85,4153.48,1322.3
43022,4500.0,647.0,91,19,14377.78,2022.22,422.22
43023,13864.0,2553.0,532,151,18414.6,3837.28,1089.15
43025,5100.0,1177.0,226,70,23078.43,4431.37,1372.55
43026,62169.0,14225.0,"3,312",797,22881.18,5327.41,1281.99
43028,8335.0,1537.0,261,89,18440.31,3131.37,1067.79
43029,563.0,179.0,41,8,31793.96,7282.42,1420.96
43030,113.0,39.0,5,,34513.27,4424.78,
43031,13408.0,2801.0,533,140,20890.51,3975.24,1044.15
43032,19.0,,,,,,
43033,298.0,71.0,12,,23825.5,4026.85,
43035,27011.0,6279.0,"1,532",377,23246.08,5671.76,1395.73
43036,270.0,58.0,20,7,21481.48,7407.41,2592.59
43037,301.0,87.0,20,6,28903.65,6644.52,1993.36
43040,34169.0,9277.0,"2,110",557,27150.34,6175.19,1630.13
43044,4866.0,1066.0,222,88,21907.11,4562.27,1808.47
43045,1982.0,472.0,95,23,23814.33,4793.14,1160.44
43046,3812.0,632.0,111,24,16579.22,2911.86,629.59
43050,28508.0,6523.0,"1,363",386,22881.3,4781.11,1354.01
43054,26953.0,5051.0,"1,057",312,18740.03,3921.64,1157.57
43055,61904.0,13813.0,"2,681",829,22313.58,4330.9,1339.17
43056,19039.0,4213.0,744,198,22128.26,3907.77,1039.97
43060,2809.0,576.0,97,31,20505.52,3453.19,1103.6
43061,4278.0,987.0,213,50,23071.53,4978.96,1168.77
43062,29460.0,7809.0,"1,612",334,26507.13,5471.83,1133.74
43064,14243.0,3857.0,845,208,27079.97,5932.74,1460.37
43065,42782.0,8427.0,"1,818",430,19697.54,4249.45,1005.1
43066,1239.0,274.0,62,19,22114.61,5004.04,1533.49
43067,1458.0,349.0,61,20,23936.9,4183.81,1371.74
43068,55225.0,14614.0,"2,994",575,26462.65,5421.46,1041.2
43070,159.0,48.0,9,,30188.68,5660.38,
43071,1986.0,565.0,104,28,28449.14,5236.66,1409.87
43072,5701.0,1071.0,206,72,18786.18,3613.4,1262.94
43074,13229.0,3236.0,641,159,24461.41,4845.42,1201.9
43076,8421.0,1945.0,311,88,23097.02,3693.15,1045.01
43077,369.0,70.0,12,,18970.19,3252.03,
43078,20446.0,4549.0,937,348,22248.85,4582.8,1702.04
43080,5254.0,1115.0,194,59,21221.93,3692.42,1122.95
43081,61572.0,12315.0,"2,745",628,20000.97,4458.2,1019.94
43082,33636.0,5785.0,"1,204",284,17198.83,3579.5,844.33
43084,766.0,201.0,39,15,26240.21,5091.38,1958.22
43085,26216.0,4690.0,"1,004",275,17889.84,3829.72,1048.98
43101,285.0,80.0,13,6,28070.18,4561.4,2105.26
43102,4500.0,982.0,216,65,21822.22,4800.0,1444.44
43103,11006.0,2820.0,553,153,25622.39,5024.53,1390.15
43105,7626.0,1796.0,342,91,23551.01,4484.66,1193.29
43106,1589.0,368.0,91,30,23159.22,5726.87,1887.98
43107,3399.0,694.0,113,28,20417.77,3324.51,823.77
43109,82.0,,,,,,
43110,38817.0,9710.0,"1,905",433,25014.81,4907.64,1115.49
43111,289.0,37.0,7,,12802.77,2422.15,
43112,4945.0,1197.0,251,63,24206.27,5075.83,1274.01
43113,24341.0,5842.0,"1,402",518,24000.66,5759.83,2128.1
43115,1493.0,308.0,74,22,20629.6,4956.46,1473.54
43116,1563.0,728.0,142,28,46577.1,9085.09,1791.43
43117,212.0,,,,,,
43119,28551.0,7066.0,"1,507",338,24748.7,5278.27,1183.85
43123,65442.0,15326.0,"3,176",807,23419.21,4853.15,1233.15
43125,13551.0,3048.0,607,140,22492.8,4479.37,1033.13
43126,498.0,69.0,12,5,13855.42,2409.64,1004.02
43127,240.0,46.0,5,,19166.67,2083.33,
43128,2558.0,530.0,143,52,20719.31,5590.3,2032.84
43130,61259.0,14447.0,"3,175",912,23583.47,5182.91,1488.76
43135,3914.0,891.0,210,79,22764.44,5365.36,2018.4
43136,690.0,521.0,105,32,75507.25,15217.39,4637.68
43137,2276.0,582.0,125,32,25571.18,5492.09,1405.98
43138,18107.0,4279.0,922,333,23631.74,5091.95,1839.07
43140,24514.0,4923.0,970,279,20082.4,3956.92,1138.13
43142,102.0,19.0,5,,18627.45,4901.96,
43143,5762.0,1353.0,269,73,23481.43,4668.52,1266.92
43144,401.0,110.0,21,,27431.42,5236.91,
43145,2189.0,387.0,87,21,17679.31,3974.42,959.34
43146,12275.0,5924.0,630,152,48260.69,5132.38,1238.29
43147,41000.0,11017.0,"2,278",528,26870.73,5556.1,1287.8
43148,2350.0,514.0,100,36,21872.34,4255.32,1531.91
43149,2414.0,446.0,70,24,18475.56,2899.75,994.2
43150,2158.0,541.0,98,32,25069.51,4541.24,1482.85
43151,316.0,66.0,14,,20886.08,4430.38,
43152,787.0,166.0,35,10,21092.76,4447.27,1270.65
43153,742.0,166.0,35,12,22371.97,4716.98,1617.25
43154,3770.0,720.0,137,51,19098.14,3633.95,1352.79
43155,2669.0,462.0,76,19,17309.85,2847.51,711.88
43156,201.0,56.0,14,,27860.7,6965.17,
43157,648.0,140.0,29,8,21604.94,4475.31,1234.57
43158,345.0,44.0,9,,12753.62,2608.7,
43160,21854.0,5983.0,"1,401",529,27377.14,6410.73,2420.61
43162,7189.0,1489.0,342,103,20712.2,4757.27,1432.74
43164,2233.0,478.0,102,27,21406.18,4567.85,1209.14
43201,33455.0,8286.0,"1,177",242,24767.6,3518.16,723.36
43202,21141.0,3655.0,872,220,17288.68,4124.69,1040.63
43203,8368.0,1820.0,345,52,21749.52,4122.85,621.41
43204,42463.0,9018.0,"1,898",467,21237.31,4469.77,1099.78
43205,12725.0,2607.0,472,115,20487.23,3709.23,903.73
43206,22677.0,4494.0,832,222,19817.44,3668.92,978.97
43207,47265.0,10408.0,"1,966",475,22020.52,4159.53,1004.97
43209,28516.0,5026.0,"1,161",268,17625.19,4071.4,939.82
43210,12530.0,3470.0,"1,282",357,27693.54,10231.44,2849.16
43211,23453.0,4407.0,746,139,18790.77,3180.83,592.67
43212,21350.0,4484.0,886,236,21002.34,4149.88,1105.39
43213,33551.0,7512.0,"1,556",260,22389.79,4637.72,774.94
43214,26229.0,4590.0,"1,002",257,17499.71,3820.2,979.83
43215,14440.0,4743.0,853,191,32846.26,5907.2,1322.71
43217,2440.0,506.0,118,26,20737.7,4836.07,1065.57
43219,30526.0,6703.0,"1,166",223,21958.33,3819.69,730.52
43220,26549.0,4848.0,"1,141",281,18260.57,4297.71,1058.42
43221,32913.0,5867.0,"1,390",398,17825.78,4223.26,1209.25
43222,4529.0,874.0,149,32,19297.86,3289.91,706.56
43223,25963.0,6493.0,"1,262",270,25008.67,4860.76,1039.94
43224,44678.0,8161.0,"1,535",313,18266.26,3435.7,700.57
43227,24296.0,5321.0,908,176,21900.72,3737.24,724.4
43228,54362.0,13061.0,"2,863",642,24025.97,5266.55,1180.97
43229,53693.0,11560.0,"2,347",416,21529.81,4371.15,774.78
43230,58167.0,12274.0,"2,631",551,21101.31,4523.18,947.27
43231,21828.0,5024.0,"1,019",227,23016.31,4668.32,1039.95
43232,45352.0,9945.0,"1,865",343,21928.47,4112.28,756.31
43235,42673.0,8552.0,"1,965",495,20040.78,4604.79,1159.98
43240,4295.0,1314.0,334,78,30593.71,7776.48,1816.07
43302,54023.0,16222.0,"3,239",969,30027.95,5995.59,1793.68
43310,2841.0,612.0,105,39,21541.71,3695.88,1372.76
43311,18946.0,4404.0,853,281,23245.01,4502.27,1483.16
43314,3033.0,718.0,153,59,23672.93,5044.51,1945.27
43315,7272.0,1474.0,319,94,20269.53,4386.69,1292.63
43316,5869.0,1336.0,222,52,22763.67,3782.59,886.01
43317,153.0,72.0,6,,47058.82,3921.57,
43318,4537.0,713.0,106,28,15715.23,2336.35,617.15
43319,926.0,200.0,48,12,21598.27,5183.59,1295.9
43320,1524.0,347.0,59,25,22769.03,3871.39,1640.42
43321,256.0,54.0,10,,21093.75,3906.25,
43322,355.0,75.0,22,6,21126.76,6197.18,1690.14
43323,699.0,133.0,19,,19027.18,2718.17,
43324,2963.0,536.0,96,33,18089.77,3239.96,1113.74
43326,13745.0,2963.0,506,154,21556.93,3681.34,1120.41
43330,119.0,29.0,5,,24369.75,4201.68,
43331,4507.0,969.0,179,46,21499.89,3971.6,1020.63
43332,1734.0,508.0,126,35,29296.42,7266.44,2018.45
43333,509.0,159.0,26,10,31237.72,5108.06,1964.64
43334,6317.0,1455.0,270,66,23033.09,4274.18,1044.8
43337,1149.0,258.0,58,11,22454.31,5047.87,957.35
43338,10164.0,2350.0,386,102,23120.82,3797.72,1003.54
43340,1845.0,288.0,41,8,15609.76,2222.22,433.6
43341,948.0,227.0,41,21,23945.15,4324.89,2215.19
43342,2861.0,805.0,162,52,28137.02,5662.36,1817.55
43343,1012.0,244.0,43,23,24110.67,4249.01,2272.73
43344,5996.0,1196.0,271,82,19946.63,4519.68,1367.58
43345,742.0,183.0,20,5,24663.07,2695.42,673.85
43347,1501.0,302.0,47,20,20119.92,3131.25,1332.45
43348,1736.0,434.0,75,35,25000.0,4320.28,2016.13
43351,10013.0,2534.0,423,118,25307.1,4224.51,1178.47
43356,1388.0,247.0,57,20,17795.39,4106.63,1440.92
43357,3921.0,1000.0,187,69,25503.7,4769.19,1759.76
43358,2588.0,498.0,85,19,19242.66,3284.39,734.16
43359,818.0,169.0,31,7,20660.15,3789.73,855.75
43360,1600.0,316.0,58,15,19750.0,3625.0,937.5
43402,32259.0,7342.0,"1,511",365,22759.54,4683.96,1131.47
43403,5501.0,742.0,163,59,13488.46,2963.1,1072.53
43406,1920.0,324.0,54,12,16875.0,2812.5,625.0
43407,729.0,146.0,21,,20027.43,2880.66,
43408,270.0,58.0,7,,21481.48,2592.59,
43410,10030.0,2546.0,419,79,25383.85,4177.47,787.64
43412,4373.0,863.0,151,32,19734.74,3453.01,731.76
43413,1522.0,293.0,59,19,19250.99,3876.48,1248.36
43416,2989.0,568.0,100,32,19003.01,3345.6,1070.59
43420,30133.0,7669.0,"1,509",354,25450.5,5007.8,1174.79
43430,4504.0,1028.0,181,38,22824.16,4018.65,843.69
43431,4868.0,1092.0,177,42,22432.21,3635.99,862.78
43432,1278.0,263.0,41,,20579.03,3208.14,
43433,85.0,,,,,,
43434,61.0,,,,,,
43435,1345.0,264.0,45,20,19628.25,3345.72,1486.99
43437,578.0,96.0,13,5,16609.0,2249.13,865.05
43438,202.0,28.0,,,13861.39,,
43439,53.0,,,,,,
43440,4738.0,776.0,90,18,16378.22,1899.54,379.91
43442,1170.0,184.0,33,6,15726.5,2820.51,512.82
43443,1920.0,452.0,82,15,23541.67,4270.83,781.25
43445,1239.0,224.0,28,,18079.1,2259.89,
43446,88.0,,,,,,
43447,3645.0,807.0,149,29,22139.92,4087.79,795.61
43449,8219.0,1561.0,286,55,18992.58,3479.74,669.18
43450,3636.0,761.0,158,49,20929.59,4345.43,1347.63
43451,1251.0,261.0,39,15,20863.31,3117.51,1199.04
43452,13674.0,2791.0,461,125,20411.0,3371.36,914.14
43456,291.0,133.0,,,45704.47,,
43457,1536.0,370.0,58,22,24088.54,3776.04,1432.29
43458,521.0,38.0,,,7293.67,,
43460,6498.0,1489.0,286,54,22914.74,4401.35,831.02
43462,1191.0,243.0,41,9,20403.02,3442.49,755.67
43463,39.0,,,,,,
43464,1377.0,327.0,63,12,23747.28,4575.16,871.46
43465,5273.0,1275.0,244,53,24179.78,4627.35,1005.12
43466,2059.0,446.0,95,25,21661.0,4613.89,1214.18
43467,85.0,,,,,,
43468,401.0,169.0,8,,42144.64,1995.01,
43469,2948.0,668.0,107,18,22659.43,3629.58,610.58
43501,870.0,144.0,26,14,16551.72,2988.51,1609.2
43502,6609.0,1723.0,274,75,26070.51,4145.86,1134.82
43504,1261.0,243.0,53,12,19270.42,4203.01,951.63
43505,52.0,,,,,,
43506,14192.0,3523.0,591,230,24823.84,4164.32,1620.63
43511,1075.0,174.0,39,7,16186.05,3627.91,651.16
43512,27951.0,7583.0,"1,247",398,27129.62,4461.38,1423.92
43515,8582.0,1745.0,333,95,20333.26,3880.21,1106.97
43516,2742.0,616.0,124,32,22465.35,4522.25,1167.03
43517,4134.0,922.0,144,45,22302.85,3483.31,1088.53
43518,2524.0,538.0,84,29,21315.37,3328.05,1148.97
43519,333.0,45.0,7,,13513.51,2102.1,
43521,2742.0,590.0,80,19,21517.14,2917.58,692.92
43522,3291.0,662.0,145,27,20115.47,4405.96,820.42
43523,20.0,,,,,,
43524,1302.0,268.0,70,17,20583.72,5376.34,1305.68
43525,1096.0,278.0,64,9,25364.96,5839.42,821.17
43526,5890.0,1334.0,214,68,22648.56,3633.28,1154.5
43527,1986.0,576.0,98,21,29003.02,4934.54,1057.4
43528,15919.0,3936.0,906,190,24725.17,5691.31,1193.54
43529,328.0,55.0,14,,16768.29,4268.29,
43531,308.0,31.0,8,6,10064.94,2597.4,1948.05
43532,3972.0,757.0,125,40,19058.41,3147.03,1007.05
43533,1702.0,287.0,45,9,16862.51,2643.95,528.79
43534,1739.0,338.0,74,24,19436.46,4255.32,1380.1
43535,719.0,171.0,32,8,23783.03,4450.63,1112.66
43536,161.0,72.0,12,,44720.5,7453.42,
43537,27097.0,6753.0,"1,439",277,24921.58,5310.55,1022.25
43540,1358.0,303.0,48,15,22312.22,3534.61,1104.57
43541,140.0,47.0,11,,33571.43,7857.14,
43542,3687.0,967.0,171,56,26227.29,4637.92,1518.85
43543,7785.0,1700.0,292,117,21836.87,3750.8,1502.89
43545,14182.0,3253.0,636,156,22937.53,4484.56,1099.99
43547,179.0,55.0,5,,30726.26,2793.3,
43548,587.0,162.0,29,8,27597.96,4940.37,1362.86
43549,1310.0,272.0,44,14,20763.36,3358.78,1068.7
43551,38839.0,10075.0,"2,116",449,25940.42,5448.13,1156.05
43553,139.0,72.0,13,,51798.56,9352.52,
43554,2371.0,557.0,83,32,23492.2,3500.63,1349.64
43555,313.0,60.0,15,7,19169.33,4792.33,2236.42
43556,1765.0,428.0,64,30,24249.29,3626.06,1699.72
43557,3324.0,727.0,119,29,21871.24,3580.02,872.44
43558,12662.0,3035.0,608,170,23969.36,4801.77,1342.6
43560,32275.0,7744.0,"1,631",337,23993.8,5053.45,1044.15
43565,502.0,96.0,12,,19123.51,2390.44,
43566,7926.0,1991.0,371,82,25119.86,4680.8,1034.57
43567,13247.0,3406.0,594,164,25711.48,4484.03,1238.02
43569,2896.0,602.0,123,30,20787.29,4247.24,1035.91
43570,3195.0,746.0,127,40,23348.98,3974.96,1251.96
43571,7526.0,1701.0,312,73,22601.65,4145.63,969.97
43604,8920.0,1893.0,328,71,21221.97,3677.13,795.96
43605,26096.0,5298.0,"1,179",197,20301.96,4517.93,754.9
43606,25219.0,4691.0,851,160,18601.05,3374.44,634.44
43607,21117.0,4298.0,800,116,20353.27,3788.42,549.32
43608,14570.0,2837.0,475,68,19471.52,3260.12,466.71
43609,21936.0,4297.0,889,136,19588.8,4052.7,619.99
43610,4343.0,893.0,195,31,20561.82,4489.98,713.79
43611,18579.0,4018.0,773,167,21626.57,4160.61,898.86
43612,29686.0,6587.0,"1,259",236,22188.91,4241.06,794.99
43613,32653.0,7625.0,"1,488",252,23351.61,4557.01,771.75
43614,31607.0,6772.0,"1,412",271,21425.63,4467.36,857.41
43615,39786.0,8706.0,"1,891",383,21882.07,4752.93,962.65
43616,20380.0,5170.0,935,147,25368.01,4587.83,721.3
43617,7268.0,1681.0,352,49,23128.78,4843.15,674.19
43619,7296.0,1882.0,342,65,25794.96,4687.5,890.9
43620,5863.0,1069.0,224,55,18232.99,3820.57,938.09
43623,19936.0,4500.0,917,208,22572.23,4599.72,1043.34
43701,55595.0,16084.0,"3,485",926,28930.66,6268.55,1665.62
43711,116.0,14.0,,,12068.97,,
43713,7066.0,1928.0,420,140,27285.59,5943.96,1981.32
43716,1874.0,451.0,97,41,24066.17,5176.09,2187.83
43717,143.0,55.0,10,,38461.54,6993.01,
43718,2926.0,731.0,164,58,24982.91,5604.92,1982.23
43719,2689.0,491.0,105,41,18259.58,3904.8,1524.73
43720,1331.0,305.0,64,19,22915.1,4808.41,1427.5
43721,81.0,,,,,,
43722,306.0,93.0,18,6,30392.16,5882.35,1960.78
43723,5185.0,1279.0,242,67,24667.31,4667.31,1292.19
43724,9319.0,1932.0,335,109,20731.84,3594.81,1169.65
43725,19592.0,5488.0,"1,162",371,28011.43,5930.99,1893.63
43727,1163.0,376.0,93,33,32330.18,7996.56,2837.49
43728,1602.0,181.0,32,15,11298.38,1997.5,936.33
43730,2287.0,523.0,101,34,22868.39,4416.27,1486.66
43731,5379.0,1356.0,231,75,25209.15,4294.48,1394.31
43732,1448.0,413.0,88,26,28522.1,6077.35,1795.58
43734,1738.0,301.0,53,14,17318.76,3049.48,805.52
43735,438.0,130.0,26,9,29680.37,5936.07,2054.79
43736,35.0,,,,,,
43738,103.0,,,,,,
43739,2179.0,437.0,81,32,20055.07,3717.3,1468.56
43740,277.0,58.0,14,5,20938.63,5054.15,1805.05
43746,1215.0,310.0,61,21,25514.4,5020.58,1728.4
43747,879.0,208.0,45,20,23663.25,5119.45,2275.31
43748,2752.0,616.0,104,33,22383.72,3779.07,1199.13
43749,2376.0,502.0,97,35,21127.95,4082.49,1473.06
43750,115.0,21.0,7,,18260.87,6086.96,
43754,1618.0,292.0,46,8,18046.97,2843.02,494.44
43755,1983.0,424.0,81,29,21381.74,4084.72,1462.43
43756,4834.0,1250.0,233,94,25858.5,4820.02,1944.56
43758,3060.0,703.0,137,39,22973.86,4477.12,1274.51
43759,57.0,,,,,,
43760,2138.0,433.0,106,34,20252.57,4957.9,1590.27
43761,49.0,,,,,,
43762,5997.0,1340.0,276,78,22344.51,4602.3,1300.65
43764,8750.0,1916.0,302,120,21897.14,3451.43,1371.43
43766,1543.0,282.0,58,19,18276.09,3758.91,1231.37
43767,986.0,355.0,74,14,36004.06,7505.07,1419.88
43768,497.0,37.0,5,,7444.67,1006.04,
43771,1895.0,495.0,112,32,26121.37,5910.29,1688.65
43772,1880.0,437.0,70,27,23244.68,3723.4,1436.17
43773,3668.0,581.0,117,41,15839.69,3189.75,1117.78
43777,4823.0,1170.0,239,99,24258.76,4955.42,2052.66
43778,1148.0,287.0,45,24,25000.0,3919.86,2090.59
43779,855.0,240.0,44,14,28070.18,5146.2,1637.43
43780,1697.0,514.0,96,26,30288.74,5657.04,1532.12
43782,673.0,163.0,23,7,24219.91,3417.53,1040.12
43783,4731.0,1027.0,209,66,21707.88,4417.67,1395.05
43786,35.0,,,,,,
43787,3111.0,499.0,94,27,16039.86,3021.54,867.89
43788,754.0,204.0,41,9,27055.7,5437.67,1193.63
43793,4901.0,1317.0,229,71,26872.07,4672.52,1448.68
43802,1008.0,240.0,37,9,23809.52,3670.63,892.86
43804,3786.0,360.0,32,8,9508.72,845.22,211.3
43805,81.0,,,,,,
43811,835.0,199.0,36,14,23832.34,4311.38,1676.65
43812,18640.0,4396.0,862,235,23583.69,4624.46,1260.73
43821,4389.0,1180.0,223,53,26885.4,5080.88,1207.56
43822,5115.0,1107.0,189,53,21642.23,3695.01,1036.17
43824,4116.0,394.0,68,23,9572.4,1652.09,558.79
43830,5775.0,1801.0,347,87,31186.15,6008.66,1506.49
43832,7349.0,1485.0,200,58,20206.83,2721.46,789.22
43836,108.0,19.0,,,17592.59,,
43837,1658.0,325.0,44,10,19601.93,2653.8,603.14
43840,1253.0,195.0,25,,15562.65,1995.21,
43842,330.0,98.0,13,7,29696.97,3939.39,2121.21
43843,1062.0,201.0,40,7,18926.55,3766.48,659.13
43844,3519.0,803.0,119,41,22818.98,3381.64,1165.1
43845,4607.0,1220.0,148,50,26481.44,3212.5,1085.3
43901,1984.0,448.0,83,37,22580.65,4183.47,1864.92
43902,116.0,46.0,14,,39655.17,12068.97,
43903,2108.0,335.0,54,15,15891.84,2561.67,711.57
43905,107.0,23.0,,,21495.33,,
43906,8643.0,1789.0,457,170,20698.83,5287.52,1966.91
43907,5760.0,1184.0,263,97,20555.56,4565.97,1684.03
43908,1599.0,236.0,35,8,14759.22,2188.87,500.31
43910,3208.0,716.0,134,36,22319.2,4177.06,1122.19
43912,6317.0,1353.0,302,98,21418.39,4780.75,1551.37
43913,1596.0,276.0,58,25,17293.23,3634.09,1566.42
43914,194.0,26.0,5,,13402.06,2577.32,
43915,1172.0,338.0,83,28,28839.59,7081.91,2389.08
43917,3380.0,558.0,119,52,16508.88,3520.71,1538.46
43920,22290.0,5063.0,852,192,22714.22,3822.34,861.37
43925,425.0,29.0,6,,6823.53,1411.76,
43926,236.0,62.0,5,,26271.19,2118.64,
43927,124.0,5.0,,,4032.26,,
43928,21.0,,,,,,
43930,795.0,162.0,30,7,20377.36,3773.58,880.5
43931,375.0,80.0,18,,21333.33,4800.0,
43932,836.0,171.0,24,,20454.55,2870.81,
43933,1875.0,424.0,89,39,22613.33,4746.67,2080.0
43934,466.0,63.0,12,,13519.31,2575.11,
43935,8870.0,1830.0,421,150,20631.34,4746.34,1691.09
43938,5320.0,1076.0,249,72,20225.56,4680.45,1353.38
43939,439.0,99.0,18,,22551.25,4100.23,
43940,102.0,99.0,18,6,97058.82,17647.06,5882.35
43942,2767.0,519.0,112,33,18756.78,4047.71,1192.63
43943,3029.0,771.0,147,53,25453.95,4853.09,1749.75
43944,2221.0,483.0,97,28,21746.96,4367.4,1260.69
43945,3189.0,554.0,93,20,17372.22,2916.27,627.16
43946,2136.0,437.0,102,33,20458.8,4775.28,1544.94
43947,5297.0,1297.0,249,77,24485.56,4700.77,1453.65
43948,586.0,90.0,13,5,15358.36,2218.43,853.24
43950,16446.0,3283.0,615,232,19962.3,3739.51,1410.68
43951,64.0,,,,,,
43952,18498.0,3940.0,826,212,21299.6,4465.35,1146.07
43953,11656.0,2685.0,638,170,23035.35,5473.58,1458.48
43961,363.0,44.0,8,5,12121.21,2203.86,1377.41
43962,92.0,,,,,,
43963,1385.0,300.0,61,18,21660.65,4404.33,1299.64
43964,8642.0,1929.0,404,133,22321.22,4674.84,1539.0
43968,6212.0,1557.0,281,55,25064.39,4523.5,885.38
43971,1100.0,228.0,46,14,20727.27,4181.82,1272.73
43973,2281.0,332.0,56,21,14555.02,2455.06,920.65
43974,75.0,,,,,,
43976,1661.0,449.0,85,37,27031.91,5117.4,2227.57
43977,2289.0,431.0,94,26,18829.18,4106.6,1135.87
43983,454.0,73.0,17,10,16079.3,3744.49,2202.64
43985,93.0,,,,,,
43986,2332.0,323.0,59,21,13850.77,2530.02,900.51
43988,2263.0,372.0,61,22,16438.36,2695.54,972.16
44001,21130.0,4364.0,493,80,20653.1,2333.18,378.61
44003,4228.0,753.0,94,18,17809.84,2223.27,425.73
44004,31474.0,6739.0,726,141,21411.32,2306.67,447.99
44010,1555.0,297.0,27,7,19099.68,1736.33,450.16
44011,22786.0,4933.0,572,108,21649.26,2510.31,473.98
44012,23777.0,4425.0,556,102,18610.42,2338.39,428.99
44017,18903.0,3800.0,478,67,20102.63,2528.7,354.44
44021,6244.0,988.0,106,17,15823.19,1697.63,272.26
44022,16604.0,2755.0,341,76,16592.39,2053.72,457.72
44023,17473.0,3244.0,341,63,18565.79,1951.58,360.56
44024,23834.0,4354.0,407,73,18268.02,1707.64,306.29
44026,10989.0,1969.0,190,26,17917.92,1729.0,236.6
44028,9000.0,1770.0,168,29,19666.67,1866.67,322.22
44030,15949.0,2743.0,370,83,17198.57,2319.89,520.41
44032,1516.0,232.0,29,,15303.43,1912.93,
44035,63318.0,13126.0,"1,502",230,20730.28,2372.15,363.25
44039,33018.0,7020.0,765,123,21261.13,2316.92,372.52
44040,2903.0,552.0,49,6,19014.81,1687.91,206.68
44041,14321.0,2717.0,300,61,18972.14,2094.83,425.95
44044,15400.0,2986.0,379,64,19389.61,2461.04,415.58
44045,477.0,79.0,8,,16561.84,1677.15,
44046,2473.0,349.0,34,6,14112.41,1374.85,242.62
44047,9122.0,1820.0,203,54,19951.76,2225.39,591.98
44048,2529.0,465.0,46,5,18386.71,1818.9,197.71
44049,224.0,44.0,8,,19642.86,3571.43,
44050,6384.0,1487.0,160,27,23292.61,2506.27,422.93
44052,28576.0,6675.0,845,113,23358.76,2957.03,395.44
44053,18895.0,5166.0,608,111,27340.57,3217.78,587.46
44054,12613.0,2477.0,296,43,19638.47,2346.79,340.92
44055,19943.0,4659.0,620,98,23361.58,3108.86,491.4
44056,11808.0,2587.0,272,47,21908.88,2303.52,398.04
44057,19482.0,4087.0,414,75,20978.34,2125.04,384.97
44060,60476.0,11784.0,"1,162",182,19485.42,1921.42,300.95
44062,14523.0,1435.0,147,27,9880.88,1012.19,185.91
44064,1724.0,279.0,24,,16183.29,1392.11,
44065,4522.0,734.0,51,10,16231.76,1127.82,221.14
44067,20470.0,4105.0,431,80,20053.74,2105.52,390.82
44070,31847.0,6041.0,602,93,18968.82,1890.29,292.02
44072,4420.0,724.0,73,13,16380.09,1651.58,294.12
44074,11376.0,1724.0,329,43,15154.71,2892.05,377.99
44076,5022.0,677.0,99,17,13480.68,1971.33,338.51
44077,56353.0,11791.0,"1,215",215,20923.46,2156.05,381.52
44080,92.0,,,,,,
44081,7104.0,1309.0,137,30,18426.24,1928.49,422.3
44082,2464.0,227.0,28,9,9212.66,1136.36,365.26
44084,3749.0,644.0,62,14,17177.91,1653.77,373.43
44085,3448.0,442.0,43,6,12819.03,1247.1,174.01
44086,2558.0,391.0,34,12,15285.38,1329.16,469.12
44087,20595.0,4805.0,476,84,23330.91,2311.24,407.87
44089,15527.0,3358.0,470,90,21626.84,3026.99,579.64
44090,11996.0,2253.0,309,52,18781.26,2575.86,433.48
44092,16677.0,3758.0,296,49,22534.03,1774.9,293.82
44093,1210.0,194.0,19,5,16033.06,1570.25,413.22
44094,35755.0,7942.0,652,103,22212.28,1823.52,288.07
44095,33340.0,6851.0,623,91,20548.89,1868.63,272.95
44099,2334.0,239.0,26,7,10239.93,1113.97,299.91
44101,610.0,43.0,,,7049.18,,
44102,45514.0,9099.0,716,95,19991.65,1573.14,208.73
44103,16519.0,3213.0,197,37,19450.33,1192.57,223.98
44104,19640.0,3764.0,149,17,19164.97,758.66,86.56
44105,37211.0,6922.0,343,42,18602.03,921.77,112.87
44106,25752.0,4986.0,973,227,19361.6,3778.35,881.48
44107,50666.0,10128.0,952,158,19989.74,1878.97,311.85
44108,21939.0,4213.0,233,25,19203.25,1062.04,113.95
44109,40246.0,8741.0,665,88,21718.93,1652.34,218.66
44110,19116.0,3665.0,187,19,19172.42,978.24,99.39
44111,42821.0,8695.0,684,78,20305.46,1597.35,182.15
44112,21909.0,3799.0,235,30,17339.91,1072.62,136.93
44113,20358.0,4414.0,292,40,21681.89,1434.33,196.48
44114,6567.0,1569.0,170,23,23892.19,2588.7,350.24
44115,8284.0,2205.0,201,30,26617.58,2426.36,362.14
44116,20338.0,4096.0,455,89,20139.64,2237.19,437.6
44117,9611.0,2479.0,164,18,25793.36,1706.38,187.29
44118,38833.0,7708.0,644,100,19849.1,1658.38,257.51
44119,13108.0,2897.0,152,19,22101.01,1159.6,144.95
44120,34276.0,6464.0,442,51,18858.68,1289.53,148.79
44121,33211.0,7078.0,467,54,21312.22,1406.16,162.6
44122,33342.0,6908.0,732,108,20718.61,2195.43,323.92
44123,16515.0,4044.0,253,31,24486.83,1531.94,187.71
44124,37737.0,8105.0,781,113,21477.59,2069.59,299.44
44125,27939.0,6634.0,436,69,23744.59,1560.54,246.97
44126,16372.0,3148.0,298,40,19227.95,1820.18,244.32
44127,4375.0,800.0,42,9,18285.71,960.0,205.71
44128,28790.0,6611.0,353,50,22962.83,1226.12,173.67
44129,28276.0,6265.0,585,72,22156.6,2068.89,254.63
44130,49787.0,10365.0,"1,137",154,20818.69,2283.73,309.32
44131,20532.0,4323.0,411,56,21054.94,2001.75,272.74
44132,14805.0,3435.0,191,25,23201.62,1290.1,168.86
44133,30225.0,6571.0,659,117,21740.28,2180.31,387.1
44134,37533.0,8425.0,799,107,22446.91,2128.79,285.08
44135,27640.0,5967.0,567,84,21588.28,2051.37,303.91
44136,25776.0,5643.0,629,94,21892.46,2440.25,364.68
44137,22657.0,5706.0,318,43,25184.27,1403.54,189.79
44138,22378.0,4220.0,472,80,18857.81,2109.21,357.49
44139,24212.0,4391.0,612,106,18135.64,2527.67,437.8
44140,15391.0,2776.0,260,43,18036.51,1689.3,279.38
44141,13830.0,2731.0,266,42,19746.93,1923.36,303.69
44142,18674.0,4069.0,407,44,21789.65,2179.5,235.62
44143,24241.0,5428.0,393,74,22391.82,1621.22,305.27
44144,21697.0,4780.0,400,58,22030.7,1843.57,267.32
44145,32378.0,6831.0,685,119,21097.66,2115.63,367.53
44146,29223.0,6495.0,432,50,22225.64,1478.29,171.1
44147,19361.0,4194.0,417,67,21662.1,2153.81,346.06
44149,18976.0,4186.0,438,89,22059.44,2308.18,469.01
44201,6944.0,1219.0,126,24,17554.72,1814.52,345.62
44202,20408.0,4285.0,458,80,20996.67,2244.22,392.0
44203,40442.0,8317.0,933,151,20565.25,2307.01,373.37
44212,44380.0,10673.0,"1,234",198,24049.12,2780.53,446.15
44214,2267.0,475.0,63,7,20952.8,2779.0,308.78
44215,2323.0,453.0,71,10,19500.65,3056.39,430.48
44216,9540.0,1768.0,217,41,18532.49,2274.63,429.77
44217,3997.0,874.0,117,13,21866.4,2927.2,325.24
44221,29154.0,6047.0,849,136,20741.58,2912.12,466.49
44223,17722.0,3819.0,454,74,21549.49,2561.79,417.56
44224,39564.0,7765.0,916,163,19626.43,2315.24,411.99
44230,8549.0,1532.0,198,41,17920.22,2316.06,479.59
44231,8777.0,1426.0,158,23,16247.01,1800.16,262.05
44233,7927.0,1612.0,209,51,20335.56,2636.56,643.37
44234,4177.0,603.0,70,13,14436.2,1675.84,311.23
44235,1916.0,235.0,29,,12265.14,1513.57,
44236,25518.0,4900.0,635,118,19202.13,2488.44,462.42
44240,39536.0,7818.0,933,190,19774.38,2359.87,480.57
44241,16638.0,3819.0,414,54,22953.48,2488.28,324.56
44243,4721.0,356.0,41,14,7540.78,868.46,296.55
44250,1110.0,234.0,35,,21081.08,3153.15,
44251,922.0,190.0,32,7,20607.38,3470.72,759.22
44253,3212.0,636.0,71,15,19800.75,2210.46,467.0
44254,4960.0,933.0,129,19,18810.48,2600.81,383.06
44255,8223.0,1390.0,147,40,16903.81,1787.67,486.44
44256,62916.0,13607.0,"1,689",283,21627.25,2684.53,449.81
44260,13166.0,2625.0,332,61,19937.72,2521.65,463.31
44262,5049.0,929.0,118,19,18399.68,2337.1,376.31
44264,3073.0,671.0,76,13,21835.34,2473.15,423.04
44266,33894.0,6563.0,724,142,19363.31,2136.07,418.95
44270,8800.0,1830.0,275,63,20795.45,3125.0,715.91
44272,5176.0,1176.0,120,30,22720.25,2318.39,579.6
44273,7172.0,1278.0,178,25,17819.3,2481.87,348.58
44274,246.0,28.0,,,11382.11,,
44275,3280.0,645.0,69,7,19664.63,2103.66,213.41
44276,1795.0,390.0,48,5,21727.02,2674.09,278.55
44278,17951.0,3971.0,460,80,22121.33,2562.53,445.66
44280,4641.0,1096.0,98,10,23615.6,2111.61,215.47
44281,32161.0,7409.0,"1,041",189,23037.22,3236.84,587.67
44285,25.0,,,,,,
44286,6193.0,1204.0,139,20,19441.3,2244.47,322.95
44287,7688.0,1436.0,211,53,18678.46,2744.54,689.39
44288,3521.0,729.0,62,15,20704.35,1760.86,426.02
44301,15060.0,2758.0,315,39,18313.41,2091.63,258.96
44302,5127.0,854.0,121,23,16656.91,2360.05,448.61
44303,7766.0,1506.0,164,19,19392.22,2111.77,244.66
44304,5028.0,803.0,72,6,15970.56,1431.98,119.33
44305,22425.0,4276.0,548,72,19068.0,2443.7,321.07
44306,21165.0,3941.0,520,69,18620.36,2456.89,326.01
44307,6751.0,1446.0,185,31,21419.05,2740.33,459.19
44308,943.0,219.0,22,5,23223.75,2332.98,530.22
44310,26659.0,4967.0,587,90,18631.61,2201.88,337.6
44311,8447.0,1320.0,158,37,15626.85,1870.49,438.03
44312,31064.0,6385.0,822,144,20554.34,2646.15,463.56
44313,24580.0,5298.0,691,107,21554.11,2811.23,435.31
44314,19113.0,3570.0,508,67,18678.39,2657.88,350.55
44319,22647.0,4811.0,601,107,21243.43,2653.77,472.47
44320,19419.0,3866.0,470,78,19908.34,2420.31,401.67
44321,15346.0,3315.0,404,79,21601.72,2632.61,514.79
44333,18778.0,3837.0,456,71,20433.49,2428.37,378.1
44401,2903.0,486.0,67,12,16741.3,2307.96,413.37
44402,3228.0,487.0,55,9,15086.74,1703.84,278.81
44403,3904.0,710.0,100,19,18186.48,2561.48,486.68
44404,1446.0,221.0,34,5,15283.54,2351.31,345.78
44405,7969.0,2017.0,347,56,25310.58,4354.37,702.72
44406,21749.0,5094.0,686,145,23421.77,3154.17,666.7
44408,10043.0,2302.0,353,85,22921.44,3514.89,846.36
44410,16702.0,3477.0,481,93,20817.87,2879.89,556.82
44411,2328.0,388.0,41,8,16666.67,1761.17,343.64
44412,2630.0,542.0,60,13,20608.37,2281.37,494.3
44413,7371.0,1574.0,290,71,21353.95,3934.34,963.23
44417,1736.0,291.0,39,6,16762.67,2246.54,345.62
44418,1531.0,248.0,47,7,16198.56,3069.89,457.22
44420,14796.0,3039.0,468,90,20539.33,3163.02,608.27
44423,2423.0,482.0,56,8,19892.7,2311.18,330.17
44425,14354.0,2800.0,409,79,19506.76,2849.38,550.37
44427,1406.0,297.0,40,9,21123.76,2844.95,640.11
44428,3045.0,508.0,67,10,16683.09,2200.33,328.41
44429,2544.0,449.0,78,12,17649.37,3066.04,471.7
44430,4777.0,883.0,114,17,18484.4,2386.44,355.87
44431,4514.0,1061.0,187,45,23504.65,4142.67,996.9
44432,13279.0,3273.0,348,73,24647.94,2620.68,549.74
44436,3695.0,759.0,108,16,20541.27,2922.87,433.02
44437,4406.0,815.0,129,36,18497.5,2927.83,817.07
44438,4300.0,992.0,168,34,23069.77,3906.98,790.7
44439,147.0,14.0,5,,9523.81,3401.36,
44440,4960.0,996.0,157,32,20080.65,3165.32,645.16
44441,1757.0,338.0,48,8,19237.34,2731.93,455.32
44442,3938.0,908.0,142,38,23057.39,3605.89,964.96
44443,1672.0,329.0,50,7,19677.03,2990.43,418.66
44444,9563.0,1874.0,290,57,19596.36,3032.52,596.05
44445,3604.0,672.0,94,21,18645.95,2608.21,582.69
44446,20150.0,4337.0,672,129,21523.57,3334.99,640.2
44449,1264.0,246.0,16,,19462.03,1265.82,
44450,2041.0,308.0,61,12,15090.64,2988.73,587.95
44451,2817.0,650.0,109,26,23074.19,3869.36,922.97
44452,3444.0,871.0,114,22,25290.36,3310.1,638.79
44454,982.0,206.0,18,,20977.6,1832.99,
44455,1665.0,326.0,48,13,19579.58,2882.88,780.78
44460,25258.0,5851.0,903,215,23164.94,3575.1,851.22
44470,3953.0,678.0,95,18,17151.53,2403.24,455.35
44471,10742.0,2424.0,402,81,22565.63,3742.32,754.05
44473,3609.0,747.0,105,21,20698.25,2909.39,581.88
44481,9617.0,2026.0,309,68,21066.86,3213.06,707.08
44483,24836.0,5374.0,802,151,21637.94,3229.18,607.99
44484,21804.0,4724.0,698,120,21665.75,3201.25,550.36
44485,16101.0,3123.0,522,94,19396.31,3242.03,583.81
44490,970.0,161.0,30,,16597.94,3092.78,
44491,3517.0,447.0,41,,12709.7,1165.77,
44493,29.0,,,,,,
44502,9336.0,2104.0,327,65,22536.42,3502.57,696.23
44503,1130.0,259.0,55,8,22920.35,4867.26,707.96
44504,4799.0,965.0,138,25,20108.36,2875.6,520.94
44505,17985.0,3813.0,542,88,21201.0,3013.62,489.3
44506,2877.0,548.0,114,16,19047.62,3962.46,556.13
44507,5409.0,945.0,140,17,17470.88,2588.28,314.29
44509,11911.0,2531.0,395,70,21249.27,3316.26,587.69
44510,2601.0,502.0,68,13,19300.27,2614.38,499.81
44511,19966.0,4185.0,637,97,20960.63,3190.42,485.83
44512,32763.0,7975.0,"1,308",252,24341.48,3992.31,769.16
44514,21659.0,5059.0,711,149,23357.5,3282.7,687.94
44515,26662.0,6324.0,"1,003",214,23719.15,3761.91,802.64
44601,34740.0,7459.0,"1,182",222,21470.93,3402.42,639.03
44606,8718.0,791.0,90,24,9073.18,1032.35,275.29
44607,178.0,12.0,,,6741.57,,
44608,2439.0,396.0,65,13,16236.16,2665.03,533.01
44609,3935.0,851.0,96,23,21626.43,2439.64,584.5
44610,160.0,69.0,7,,43125.0,4375.0,
44611,2121.0,293.0,48,13,13814.24,2263.08,612.92
44612,5518.0,1099.0,149,39,19916.64,2700.25,706.78
44613,2012.0,425.0,56,16,21123.26,2783.3,795.23
44614,12628.0,2731.0,368,61,21626.54,2914.16,483.05
44615,10312.0,2111.0,305,88,20471.3,2957.72,853.37
44618,6787.0,1150.0,134,21,16944.16,1974.36,309.42
44620,2057.0,272.0,30,5,13223.14,1458.43,243.07
44621,4476.0,1078.0,144,42,24084.0,3217.16,938.34
44622,17895.0,4576.0,687,148,25571.39,3839.06,827.05
44624,5308.0,459.0,45,11,8647.32,847.78,207.23
44625,1918.0,259.0,26,6,13503.65,1355.58,312.83
44626,3015.0,568.0,91,21,18839.14,3018.24,696.52
44627,6829.0,380.0,52,16,5564.5,761.46,234.29
44628,932.0,179.0,21,6,19206.01,2253.22,643.78
44629,2661.0,547.0,71,16,20556.18,2668.17,601.28
44632,9831.0,2031.0,254,44,20659.14,2583.66,447.56
44633,2634.0,307.0,39,10,11655.28,1480.64,379.65
44634,2246.0,395.0,51,10,17586.82,2270.7,445.24
44637,3281.0,455.0,79,23,13867.72,2407.8,701.01
44638,1453.0,242.0,41,13,16655.2,2821.75,894.7
44640,235.0,21.0,,,8936.17,,
44641,20239.0,4454.0,626,105,22007.02,3093.04,518.8
44643,3585.0,687.0,98,17,19163.18,2733.61,474.2
44644,4949.0,818.0,113,30,16528.59,2283.29,606.18
44645,2299.0,527.0,84,23,22923.01,3653.76,1000.43
44646,46749.0,10467.0,"1,603",285,22389.78,3428.95,609.64
44647,19172.0,3730.0,582,104,19455.46,3035.68,542.46
44651,656.0,129.0,22,5,19664.63,3353.66,762.2
44652,32.0,,,,,,
44653,673.0,105.0,9,5,15601.78,1337.3,742.94
44654,21043.0,2473.0,253,67,11752.13,1202.3,318.4
44656,2836.0,535.0,68,16,18864.6,2397.74,564.17
44657,9583.0,1899.0,270,53,19816.34,2817.49,553.06
44659,136.0,35.0,,,25735.29,,
44661,153.0,53.0,8,,34640.52,5228.76,
44662,10020.0,1875.0,284,71,18712.57,2834.33,708.58
44663,24914.0,5704.0,873,218,22894.76,3504.05,875.01
44666,2667.0,539.0,74,22,20209.97,2774.65,824.9
44667,13410.0,2881.0,445,106,21483.97,3318.42,790.45
44669,1347.0,264.0,39,9,19599.11,2895.32,668.15
44670,172.0,25.0,5,,14534.88,2906.98,
44671,290.0,82.0,28,6,28275.86,9655.17,2068.97
44672,4748.0,1086.0,154,35,22872.79,3243.47,737.15
44675,1825.0,368.0,47,15,20164.38,2575.34,821.92
44676,4402.0,878.0,131,41,19945.48,2975.92,931.39
44677,2463.0,582.0,78,15,23629.72,3166.87,609.01
44678,344.0,47.0,9,,13662.79,2616.28,
44680,4455.0,850.0,133,24,19079.69,2985.41,538.72
44681,7987.0,987.0,114,31,12357.58,1427.32,388.13
44682,1030.0,242.0,35,11,23495.15,3398.06,1067.96
44683,8552.0,1818.0,297,84,21258.19,3472.87,982.23
44685,27842.0,5869.0,749,134,21079.66,2690.18,481.29
44687,275.0,134.0,10,5,48727.27,3636.36,1818.18
44688,2816.0,599.0,89,17,21271.31,3160.51,603.69
44689,786.0,81.0,5,,10305.34,636.13,
44690,213.0,20.0,,,9389.67,,
44691,45048.0,9680.0,"1,773",428,21488.19,3935.8,950.1
44693,41.0,,,,,,
44695,1578.0,298.0,19,5,18884.66,1204.06,316.86
44697,204.0,40.0,11,,19607.84,5392.16,
44699,811.0,163.0,19,,20098.64,2342.79,
44702,948.0,338.0,49,7,35654.01,5168.78,738.4
44703,8081.0,1512.0,238,29,18710.56,2945.18,358.87
44704,3490.0,754.0,128,23,21604.58,3667.62,659.03
44705,19451.0,3657.0,559,99,18801.09,2873.89,508.97
44706,17413.0,3602.0,538,85,20685.69,3089.65,488.14
44707,8802.0,1781.0,268,58,20234.04,3044.76,658.94
44708,25541.0,5408.0,842,157,21173.8,3296.66,614.7
44709,19217.0,3884.0,580,100,20211.27,3018.16,520.37
44710,9557.0,1736.0,281,51,18164.7,2940.25,533.64
44714,8442.0,1734.0,236,34,20540.16,2795.55,402.75
44718,11895.0,2646.0,355,63,22244.64,2984.45,529.63
44720,38080.0,8185.0,"1,145",209,21494.22,3006.83,548.84
44721,14149.0,2945.0,395,73,20814.19,2791.72,515.94
44730,5847.0,1213.0,169,23,20745.68,2890.37,393.36
44802,951.0,200.0,32,8,21030.49,3364.88,841.22
44804,940.0,222.0,32,7,23617.02,3404.26,744.68
44805,32833.0,7523.0,"1,297",318,22912.92,3950.29,968.54
44807,2120.0,478.0,71,20,22547.17,3349.06,943.4
44809,321.0,65.0,16,,20249.22,4984.42,
44811,12667.0,3145.0,502,99,24828.29,3963.05,781.56
44813,9312.0,1804.0,290,73,19372.85,3114.26,783.93
44814,2876.0,599.0,73,8,20827.54,2538.25,278.16
44815,630.0,153.0,31,10,24285.71,4920.63,1587.3
44816,16.0,,,,,,
44817,1506.0,267.0,41,12,17729.08,2722.44,796.81
44818,2394.0,589.0,83,28,24603.17,3467.0,1169.59
44820,17522.0,4527.0,875,253,25836.09,4993.72,1443.9
44822,2749.0,629.0,91,28,22881.05,3310.29,1018.55
44824,3944.0,938.0,125,34,23782.96,3169.37,862.07
44825,102.0,21.0,,,20588.24,,
44826,1803.0,345.0,41,12,19134.78,2273.99,665.56
44827,6980.0,1665.0,300,89,23853.87,4297.99,1275.07
44828,73.0,,,,,,
44830,18690.0,4191.0,850,226,22423.76,4547.89,1209.2
44833,16558.0,4245.0,749,226,25637.15,4523.49,1364.9
44836,2330.0,576.0,108,26,24721.03,4635.19,1115.88
44837,4408.0,862.0,187,43,19555.35,4242.29,975.5
44838,261.0,56.0,7,5,21455.94,2681.99,1915.71
44839,12264.0,2891.0,428,94,23573.06,3489.89,766.47
44840,2594.0,580.0,86,20,22359.29,3315.34,771.01
44841,619.0,178.0,35,12,28756.06,5654.28,1938.61
44842,5392.0,1220.0,179,43,22626.11,3319.73,797.48
44843,2126.0,599.0,86,26,28174.98,4045.16,1222.95
44844,492.0,150.0,18,,30487.8,3658.54,
44846,3486.0,863.0,133,22,24756.17,3815.26,631.1
44847,3344.0,739.0,106,19,22099.28,3169.86,568.18
44849,2522.0,543.0,95,15,21530.53,3766.85,594.77
44850,43.0,,,,,,
44851,4679.0,1109.0,169,43,23701.65,3611.88,919.0
44853,1372.0,269.0,43,11,19606.41,3134.11,801.75
44854,1708.0,397.0,61,17,23243.56,3571.43,995.32
44855,1337.0,278.0,39,7,20792.82,2916.98,523.56
44856,263.0,,,,,,
44857,23394.0,5260.0,814,133,22484.4,3479.52,568.52
44859,2158.0,401.0,46,15,18582.02,2131.6,695.09
44861,65.0,,,,,,
44864,3718.0,632.0,87,26,16998.39,2339.97,699.3
44865,3208.0,699.0,132,41,21789.28,4114.71,1278.05
44866,1994.0,364.0,63,18,18254.76,3159.48,902.71
44867,2557.0,442.0,53,8,17285.88,2072.74,312.87
44870,39597.0,10726.0,"1,777",290,27087.91,4487.71,732.38
44874,331.0,42.0,,,12688.82,,
44875,13437.0,3392.0,528,144,25243.73,3929.45,1071.67
44878,3118.0,550.0,85,23,17639.51,2726.11,737.65
44880,2844.0,496.0,77,23,17440.23,2707.45,808.72
44882,2849.0,597.0,101,20,20954.72,3545.1,702.0
44883,28183.0,6378.0,"1,069",310,22630.66,3793.07,1099.95
44887,836.0,215.0,43,22,25717.7,5143.54,2631.58
44889,7071.0,1262.0,164,34,17847.55,2319.33,480.84
44890,11245.0,2603.0,411,93,23148.07,3654.96,827.03
44901,2627.0,182.0,14,5,6928.05,532.93,190.33
44902,4850.0,1227.0,258,69,25298.97,5319.59,1422.68
44903,23604.0,6899.0,"1,298",364,29228.1,5499.07,1542.11
44904,13542.0,3614.0,634,164,26687.34,4681.73,1211.05
44905,13719.0,3260.0,599,142,23762.66,4366.21,1035.06
44906,16849.0,4220.0,769,191,25046.0,4564.07,1133.6
44907,14885.0,3749.0,706,186,25186.43,4743.03,1249.58
45001,759.0,214.0,53,18,28194.99,6982.87,2371.54
45002,13865.0,3604.0,901,214,25993.51,6498.38,1543.45
45003,552.0,182.0,55,17,32971.01,9963.77,3079.71
45005,31371.0,8385.0,"1,814",515,26728.51,5782.41,1641.64
45011,71451.0,16157.0,"3,966",919,22612.7,5550.66,1286.2
45013,53933.0,12037.0,"2,839",741,22318.43,5263.94,1373.93
45014,43848.0,10623.0,"2,379",502,24226.87,5425.56,1144.86
45015,11714.0,2608.0,687,184,22263.96,5864.78,1570.77
45030,19125.0,5046.0,"1,129",297,26384.31,5903.27,1552.94
45032,364.0,91.0,20,10,25000.0,5494.51,2747.25
45033,249.0,52.0,10,,20883.53,4016.06,
45034,1273.0,276.0,79,23,21681.07,6205.81,1806.76
45036,38221.0,9130.0,"2,065",518,23887.39,5402.79,1355.28
45039,25142.0,6141.0,"1,529",384,24425.26,6081.46,1527.32
45040,54507.0,12027.0,"3,154",767,22065.06,5786.41,1407.16
45041,87.0,,,,,,
45042,26638.0,6202.0,"1,444",432,23282.53,5420.83,1621.74
45044,54680.0,12931.0,"3,022",816,23648.5,5526.7,1492.32
45050,8773.0,2559.0,541,121,29169.04,6166.65,1379.23
45051,174.0,59.0,27,,33908.05,15517.24,
45052,3667.0,876.0,227,63,23888.74,6190.35,1718.03
45054,2926.0,492.0,121,50,16814.76,4135.34,1708.82
45056,27957.0,5733.0,932,344,20506.49,3333.69,1230.46
45062,686.0,135.0,35,7,19679.3,5102.04,1020.41
45064,3060.0,653.0,130,41,21339.87,4248.37,1339.87
45065,4765.0,1479.0,339,104,31038.82,7114.38,2182.58
45066,24836.0,6139.0,"1,433",388,24718.15,5769.85,1562.25
45067,14970.0,3614.0,769,227,24141.62,5136.94,1516.37
45068,11402.0,2781.0,592,154,24390.46,5192.07,1350.64
45069,51117.0,11379.0,"2,797",701,22260.7,5471.76,1371.36
45070,185.0,34.0,7,,18378.38,3783.78,
45101,2287.0,545.0,150,67,23830.35,6558.81,2929.6
45102,22397.0,5905.0,"1,317",452,26365.14,5880.25,2018.13
45103,32525.0,8376.0,"2,128",709,25752.5,6542.66,2179.86
45106,12382.0,2954.0,738,290,23857.21,5960.26,2342.11
45107,9909.0,2328.0,500,189,23493.79,5045.92,1907.36
45111,324.0,74.0,23,,22839.51,7098.77,
45112,84.0,,,,,,
45113,3610.0,941.0,220,71,26066.48,6094.18,1966.76
45115,143.0,12.0,,,8391.61,,
45118,3579.0,880.0,178,78,24587.87,4973.46,2179.38
45120,2750.0,803.0,177,67,29200.0,6436.36,2436.36
45121,9245.0,2306.0,508,216,24943.21,5494.86,2336.4
45122,10511.0,2629.0,705,205,25011.89,6707.26,1950.34
45123,8736.0,2177.0,471,165,24919.87,5391.48,1888.74
45130,4028.0,823.0,179,57,20431.98,4443.89,1415.09
45131,227.0,34.0,,,14977.97,,
45132,398.0,69.0,19,10,17336.68,4773.87,2512.56
45133,23764.0,5673.0,"1,336",503,23872.24,5621.95,2116.65
45135,4705.0,1049.0,238,87,22295.43,5058.45,1849.1
45140,56933.0,13012.0,"3,374",883,22854.93,5926.26,1550.95
45142,3696.0,1011.0,223,74,27353.9,6033.55,2002.16
45144,4400.0,862.0,160,82,19590.91,3636.36,1863.64
45145,19.0,,,,,,
45146,1458.0,308.0,72,34,21124.83,4938.27,2331.96
45147,191.0,41.0,,,21465.97,,
45148,1467.0,384.0,68,22,26175.87,4635.31,1499.66
45150,32618.0,8093.0,"2,057",560,24811.45,6306.33,1716.84
45152,11656.0,3182.0,809,254,27299.25,6940.63,2179.14
45153,1804.0,387.0,90,30,21452.33,4988.91,1662.97
45154,8994.0,2369.0,590,218,26339.78,6559.93,2423.84
45155,371.0,62.0,30,16,16711.59,8086.25,4312.67
45156,73.0,,,,,,
45157,10315.0,2236.0,524,215,21677.17,5079.98,2084.34
45158,373.0,59.0,17,6,15817.69,4557.64,1608.58
45159,3773.0,787.0,208,89,20858.73,5512.85,2358.87
45160,865.0,180.0,44,18,20809.25,5086.71,2080.92
45162,2666.0,595.0,121,41,22318.08,4538.63,1537.88
45164,241.0,43.0,15,6,17842.32,6224.07,2489.63
45166,69.0,,,,,,
45167,3700.0,844.0,232,119,22810.81,6270.27,3216.22
45168,1667.0,356.0,78,29,21355.73,4679.06,1739.65
45169,4513.0,1191.0,262,110,26390.43,5805.45,2437.4
45171,5771.0,1375.0,280,111,23826.03,4851.85,1923.41
45172,191.0,32.0,6,,16753.93,3141.36,
45174,2350.0,420.0,99,19,17872.34,4212.77,808.51
45176,9434.0,2152.0,532,172,22811.11,5639.18,1823.19
45177,22385.0,5185.0,"1,321",477,23162.83,5901.27,2130.89
45202,14105.0,4041.0,876,194,28649.42,6210.56,1375.4
45203,2429.0,492.0,111,18,20255.25,4569.78,741.05
45204,5773.0,1143.0,239,51,19799.06,4139.96,883.42
45205,18533.0,3741.0,822,175,20185.61,4435.33,944.26
45206,10825.0,2152.0,493,107,19879.91,4554.27,988.45
45207,7133.0,1573.0,320,76,22052.43,4486.19,1065.47
45208,18503.0,3436.0,849,202,18569.96,4588.45,1091.71
45209,11082.0,2428.0,555,141,21909.4,5008.12,1272.33
45211,37201.0,8684.0,"1,915",377,23343.46,5147.71,1013.41
45212,22529.0,4681.0,"1,103",267,20777.66,4895.91,1185.14
45213,12574.0,2467.0,572,132,19619.85,4549.07,1049.79
45214,7791.0,1610.0,344,63,20664.87,4415.35,808.63
45215,30814.0,6593.0,"1,551",357,21396.12,5033.43,1158.56
45216,8925.0,1920.0,440,92,21512.61,4929.97,1030.81
45217,7232.0,1358.0,303,63,18777.65,4189.71,871.13
45218,3915.0,824.0,187,55,21047.25,4776.5,1404.85
45219,18029.0,3117.0,678,172,17288.81,3760.61,954.02
45220,13838.0,2438.0,679,133,17618.15,4906.78,961.12
45223,11982.0,2511.0,573,114,20956.43,4782.17,951.43
45224,21402.0,4225.0,856,178,19741.15,3999.63,831.7
45225,9418.0,1627.0,334,59,17275.43,3546.4,626.46
45226,5346.0,1203.0,260,56,22502.81,4863.45,1047.51
45227,18391.0,3865.0,934,229,21015.71,5078.57,1245.17
45229,13090.0,2586.0,619,119,19755.54,4728.8,909.09
45230,27778.0,5787.0,"1,510",396,20833.03,5435.96,1425.59
45231,40071.0,9981.0,"2,115",442,24908.29,5278.13,1103.04
45232,6849.0,1367.0,281,48,19959.12,4102.79,700.83
45233,16025.0,3842.0,889,209,23975.04,5547.58,1304.21
45236,24486.0,5111.0,"1,317",294,20873.15,5378.58,1200.69
45237,20193.0,4397.0,958,196,21774.87,4744.22,970.63
45238,45614.0,11110.0,"2,539",536,24356.56,5566.27,1175.08
45239,29809.0,6662.0,"1,393",343,22348.96,4673.09,1150.66
45240,27161.0,6751.0,"1,312",283,24855.49,4830.46,1041.94
45241,24366.0,4913.0,"1,289",338,20163.34,5290.16,1387.18
45242,22625.0,4717.0,"1,290",348,20848.62,5701.66,1538.12
45243,15075.0,3188.0,864,187,21147.6,5731.34,1240.46
45244,28602.0,6187.0,"1,525",414,21631.35,5331.79,1447.45
45245,20800.0,4680.0,"1,082",356,22500.0,5201.92,1711.54
45246,14206.0,3086.0,689,141,21723.22,4850.06,992.54
45247,22544.0,5324.0,"1,191",252,23616.04,5283.0,1117.81
45248,25324.0,6061.0,"1,545",355,23933.82,6100.93,1401.83
45249,13156.0,2587.0,737,191,19664.03,5602.01,1451.81
45251,22502.0,5310.0,"1,191",240,23597.9,5292.86,1066.57
45252,4336.0,978.0,228,45,22555.35,5258.3,1037.82
45255,21767.0,4496.0,"1,098",310,20655.12,5044.33,1424.17
45301,130.0,56.0,13,6,43076.92,10000.0,4615.38
45302,4172.0,884.0,180,56,21188.88,4314.48,1342.28
45303,2724.0,534.0,98,32,19603.52,3597.65,1174.74
45304,7084.0,1640.0,311,105,23150.76,4390.18,1482.21
45305,11161.0,2505.0,579,165,22444.23,5187.71,1478.36
45306,2370.0,422.0,84,26,17805.91,3544.3,1097.05
45307,330.0,57.0,,,17272.73,,
45308,4139.0,899.0,173,51,21720.22,4179.75,1232.18
45309,12439.0,2644.0,532,157,21255.73,4276.87,1262.16
45310,270.0,52.0,8,,19259.26,2962.96,
45311,6197.0,1221.0,249,83,19703.08,4018.07,1339.36
45312,1277.0,318.0,63,23,24902.11,4933.44,1801.1
45314,6010.0,1719.0,289,130,28602.33,4808.65,2163.06
45315,4066.0,1084.0,229,70,26660.11,5632.07,1721.59
45316,108.0,12.0,,,11111.11,,
45317,1226.0,212.0,44,22,17292.01,3588.91,1794.45
45318,5638.0,1101.0,215,73,19528.2,3813.41,1294.79
45319,378.0,73.0,18,6,19312.17,4761.9,1587.3
45320,14982.0,3381.0,618,180,22567.08,4124.95,1201.44
45321,851.0,206.0,46,15,24206.82,5405.41,1762.63
45322,21282.0,5132.0,"1,185",332,24114.27,5568.09,1560.0
45323,4973.0,1140.0,218,49,22923.79,4383.67,985.32
45324,41029.0,8873.0,"2,003",574,21626.17,4881.91,1399.01
45325,2266.0,596.0,105,40,26301.85,4633.72,1765.23
45326,1066.0,248.0,57,16,23264.54,5347.09,1500.94
45327,9356.0,2486.0,527,158,26571.18,5632.75,1688.76
45328,564.0,99.0,11,,17553.19,1950.35,
45330,846.0,210.0,31,12,24822.7,3664.3,1418.44
45331,22041.0,5687.0,"1,258",433,25801.91,5707.55,1964.52
45332,825.0,123.0,33,10,14909.09,4000.0,1212.12
45333,1368.0,286.0,59,26,20906.43,4312.87,1900.58
45334,2117.0,438.0,79,20,20689.66,3731.7,944.73
45335,6781.0,1561.0,304,105,23020.2,4483.11,1548.44
45336,161.0,31.0,5,,19254.66,3105.59,
45337,1918.0,298.0,63,20,15537.02,3284.67,1042.75
45338,5009.0,1035.0,187,57,20662.81,3733.28,1137.95
45339,1385.0,232.0,38,16,16750.9,2743.68,1155.23
45340,688.0,161.0,40,11,23401.16,5813.95,1598.84
45341,3857.0,853.0,187,68,22115.63,4848.33,1763.03
45342,36659.0,9273.0,"2,162",668,25295.29,5897.6,1822.2
45344,16104.0,3990.0,799,251,24776.45,4961.5,1558.62
45345,6458.0,1539.0,286,96,23830.91,4428.62,1486.53
45346,1938.0,431.0,74,15,22239.42,3818.37,773.99
45347,4479.0,976.0,151,48,21790.58,3371.29,1071.67
45348,1026.0,175.0,20,8,17056.53,1949.32,779.73
45349,380.0,61.0,14,,16052.63,3684.21,
45350,106.0,35.0,8,,33018.87,7547.17,
45351,212.0,44.0,12,,20754.72,5660.38,
45352,242.0,41.0,7,,16942.15,2892.56,
45353,142.0,22.0,,,15492.96,,
45354,456.0,130.0,32,11,28508.77,7017.54,2412.28
45356,25209.0,6069.0,"1,298",368,24074.74,5148.95,1459.8
45358,348.0,83.0,24,15,23850.57,6896.55,4310.34
45359,1938.0,443.0,71,17,22858.62,3663.57,877.19
45360,453.0,54.0,14,,11920.53,3090.51,
45361,328.0,25.0,5,,7621.95,1524.39,
45362,1141.0,189.0,34,12,16564.42,2979.84,1051.71
45363,1698.0,335.0,62,8,19729.09,3651.35,471.14
45365,30232.0,7074.0,"1,583",482,23399.05,5236.17,1594.34
45368,4907.0,1176.0,239,76,23965.76,4870.59,1548.81
45369,3492.0,892.0,182,67,25544.1,5211.91,1918.67
45370,2479.0,459.0,93,18,18515.53,3751.51,726.1
45371,19867.0,5429.0,"1,095",287,27326.72,5511.65,1444.61
45372,319.0,78.0,23,5,24451.41,7210.03,1567.4
45373,35989.0,8938.0,"1,717",445,24835.37,4770.9,1236.49
45377,15280.0,3528.0,792,196,23089.01,5183.25,1282.72
45378,362.0,96.0,24,8,26519.34,6629.83,2209.94
45380,5385.0,1171.0,210,60,21745.59,3899.72,1114.21
45381,5430.0,1171.0,211,62,21565.38,3885.82,1141.8
45382,1287.0,241.0,38,13,18725.72,2952.6,1010.1
45383,6912.0,1490.0,311,106,21556.71,4499.42,1533.56
45384,2053.0,193.0,30,7,9400.88,1461.28,340.96
45385,38635.0,8863.0,"1,782",519,22940.34,4612.4,1343.34
45387,5456.0,700.0,183,52,12829.91,3354.11,953.08
45388,853.0,134.0,30,11,15709.26,3517.0,1289.57
45389,478.0,116.0,20,5,24267.78,4184.1,1046.03
45390,3288.0,741.0,139,46,22536.5,4227.49,1399.03
45402,10053.0,2366.0,519,138,23535.26,5162.64,1372.72
45403,14159.0,2797.0,693,179,19754.22,4894.41,1264.21
45404,10809.0,2350.0,570,167,21741.14,5273.38,1545.01
45405,16845.0,4086.0,"1,069",249,24256.46,6346.1,1478.18
45406,19432.0,4686.0,"1,093",224,24114.86,5624.74,1152.74
45409,15593.0,2029.0,417,167,13012.25,2674.28,1070.99
45410,16079.0,3209.0,805,205,19957.71,5006.53,1274.95
45414,20403.0,4616.0,"1,010",281,22624.12,4950.25,1377.25
45415,13519.0,3031.0,675,150,22420.3,4992.97,1109.55
45416,6139.0,1608.0,425,106,26193.19,6922.95,1726.67
45417,29332.0,6229.0,"1,378",292,21236.19,4697.94,995.5
45418,1871.0,,,,,,
45419,15097.0,3166.0,791,205,20971.05,5239.45,1357.89
45420,25145.0,5507.0,"1,349",342,21900.97,5364.88,1360.11
45424,50804.0,11655.0,"2,459",632,22941.11,4840.17,1244.0
45426,15730.0,3669.0,862,188,23324.86,5479.97,1195.17
45428,335.0,83.0,23,,24776.12,6865.67,
45429,25740.0,5243.0,"1,336",386,20369.08,5190.37,1499.61
45430,7289.0,1593.0,360,110,21854.85,4938.95,1509.12
45431,28084.0,5482.0,"1,290",340,19520.01,4593.36,1210.65
45432,14818.0,3236.0,696,193,21838.3,4696.99,1302.47
45433,2734.0,317.0,52,10,11594.73,1901.98,365.76
45434,12256.0,2572.0,591,161,20985.64,4822.13,1313.64
45439,10185.0,2924.0,740,202,28708.89,7265.59,1983.31
45440,20633.0,5007.0,"1,208",324,24266.95,5854.7,1570.3
45449,17914.0,4614.0,"1,119",369,25756.39,6246.51,2059.84
45458,32068.0,7687.0,"1,857",619,23970.94,5790.82,1930.27
45459,26979.0,6121.0,"1,546",464,22688.02,5730.38,1719.86
45502,15779.0,3939.0,886,272,24963.56,5615.06,1723.81
45503,32363.0,8502.0,"1,911",621,26270.74,5904.89,1918.86
45504,17639.0,4061.0,974,288,23022.85,5521.85,1632.75
45505,19919.0,4871.0,"1,149",359,24454.04,5768.36,1802.3
45506,13868.0,3437.0,774,209,24783.67,5581.19,1507.07
45601,56753.0,13669.0,"3,419","1,056",24085.07,6024.35,1860.69
45612,4793.0,1047.0,260,90,21844.36,5424.58,1877.74
45613,2734.0,804.0,175,66,29407.46,6400.88,2414.05
45614,4825.0,1270.0,297,144,26321.24,6155.44,2984.46
45616,1461.0,253.0,54,24,17316.91,3696.1,1642.71
45617,279.0,24.0,5,,8602.15,1792.11,
45618,13.0,,,,,,
45619,7585.0,1878.0,442,159,24759.39,5827.29,2096.24
45620,955.0,176.0,29,10,18429.32,3036.65,1047.12
45621,309.0,94.0,22,13,30420.71,7119.74,4207.12
45622,138.0,93.0,24,13,67391.3,17391.3,9420.29
45623,3075.0,672.0,126,47,21853.66,4097.56,1528.46
45628,5082.0,1305.0,331,99,25678.87,6513.18,1948.05
45629,2855.0,958.0,227,95,33555.17,7950.96,3327.5
45630,80.0,,,,,,
45631,14630.0,3360.0,770,290,22966.51,5263.16,1982.23
45634,1926.0,461.0,96,34,23935.62,4984.42,1765.32
45636,120.0,10.0,,,8333.33,,
45638,21715.0,6093.0,"1,706",711,28058.95,7856.32,3274.23
45640,16079.0,4126.0,839,319,25660.8,5217.99,1983.95
45644,4679.0,928.0,218,71,19833.3,4659.12,1517.42
45645,2357.0,819.0,209,84,34747.56,8867.2,3563.85
45646,499.0,77.0,22,7,15430.86,4408.82,1402.81
45647,2579.0,479.0,112,38,18573.09,4342.77,1473.44
45648,12886.0,3122.0,788,316,24227.84,6115.16,2452.27
45650,460.0,79.0,13,8,17173.91,2826.09,1739.13
45651,6019.0,1269.0,266,119,21083.24,4419.34,1977.07
45652,4120.0,750.0,176,69,18203.88,4271.84,1674.76
45653,3782.0,1025.0,240,91,27102.06,6345.85,2406.13
45654,1177.0,183.0,31,9,15548.0,2633.81,764.66
45656,6364.0,1480.0,256,107,23255.81,4022.63,1681.33
45657,1925.0,531.0,108,42,27584.42,5610.39,2181.82
45658,2989.0,419.0,94,45,14018.07,3144.86,1505.52
45659,2574.0,788.0,199,88,30613.83,7731.16,3418.8
45660,7246.0,1871.0,426,174,25821.14,5879.11,2401.32
45661,6956.0,2051.0,559,171,29485.34,8036.23,2458.31
45662,30289.0,7259.0,"1,927",741,23965.8,6362.05,2446.43
45663,6162.0,1674.0,442,154,27166.5,7173.0,2499.19
45669,10040.0,2442.0,488,169,24322.71,4860.56,1683.27
45671,274.0,115.0,23,6,41970.8,8394.16,2189.78
45672,1527.0,386.0,77,27,25278.32,5042.57,1768.17
45673,367.0,108.0,17,8,29427.79,4632.15,2179.84
45674,651.0,165.0,46,17,25345.62,7066.05,2611.37
45678,1086.0,269.0,60,24,24769.8,5524.86,2209.94
45679,2830.0,725.0,184,62,25618.37,6501.77,2190.81
45680,12977.0,3492.0,926,390,26909.15,7135.7,3005.32
45681,1670.0,352.0,83,28,21077.84,4970.06,1676.65
45682,2090.0,484.0,107,45,23157.89,5119.62,2153.11
45684,2093.0,380.0,86,32,18155.76,4108.93,1528.91
45685,1120.0,288.0,62,30,25714.29,5535.71,2678.57
45686,3699.0,742.0,169,77,20059.48,4568.8,2081.64
45688,608.0,95.0,14,7,15625.0,2302.63,1151.32
45690,15599.0,3489.0,881,303,22366.82,5647.8,1942.43
45692,8731.0,2154.0,461,187,24670.71,5280.04,2141.79
45693,8691.0,2206.0,510,220,25382.58,5868.14,2531.35
45694,11618.0,3145.0,804,304,27070.06,6920.3,2616.63
45695,657.0,131.0,28,13,19939.12,4261.8,1978.69
45696,1595.0,340.0,80,31,21316.61,5015.67,1943.57
45697,4759.0,1114.0,255,85,23408.28,5358.27,1786.09
45698,305.0,69.0,12,6,22622.95,3934.43,1967.21
45701,35704.0,7901.0,"2,826",783,22129.17,7915.08,2193.03
45710,5222.0,1088.0,230,77,20834.93,4404.44,1474.53
45711,1232.0,153.0,36,11,12418.83,2922.08,892.86
45714,9388.0,1988.0,411,138,21175.97,4377.93,1469.96
45715,2440.0,468.0,79,28,19180.33,3237.7,1147.54
45716,474.0,119.0,28,6,25105.49,5907.17,1265.82
45719,1019.0,197.0,75,30,19332.68,7360.16,2944.06
45721,34.0,,,,,,
45723,3481.0,553.0,118,47,15886.24,3389.83,1350.19
45724,2113.0,291.0,59,15,13771.89,2792.24,709.89
45727,401.0,86.0,20,5,21446.38,4987.53,1246.88
45729,1351.0,269.0,48,21,19911.18,3552.92,1554.4
45732,4438.0,1065.0,208,66,23997.3,4686.8,1487.16
45734,466.0,97.0,11,5,20815.45,2360.52,1072.96
45735,1562.0,267.0,67,25,17093.47,4289.37,1600.51
45740,383.0,94.0,15,,24543.08,3916.45,
45741,662.0,154.0,38,14,23262.84,5740.18,2114.8
45742,2840.0,497.0,91,33,17500.0,3204.23,1161.97
45743,1864.0,224.0,42,17,12017.17,2253.22,912.02
45744,2747.0,541.0,87,27,19694.21,3167.09,982.89
45745,1618.0,207.0,30,7,12793.57,1854.14,432.63
45746,415.0,81.0,17,,19518.07,4096.39,
45750,26906.0,5197.0,967,370,19315.39,3593.99,1375.16
45760,3823.0,711.0,127,46,18597.96,3322.0,1203.24
45761,1843.0,255.0,60,17,13836.14,3255.56,922.41
45764,9418.0,1562.0,365,134,16585.26,3875.56,1422.81
45766,1000.0,236.0,42,14,23600.0,4200.0,1400.0
45767,2489.0,444.0,83,27,17838.49,3334.67,1084.77
45768,1449.0,319.0,69,15,22015.18,4761.9,1035.2
45769,7058.0,1157.0,235,77,16392.75,3329.56,1090.96
45770,596.0,80.0,18,5,13422.82,3020.13,838.93
45771,3433.0,661.0,143,44,19254.3,4165.45,1281.68
45772,1623.0,265.0,52,18,16327.79,3203.94,1109.06
45773,70.0,,,,,,
45775,1159.0,291.0,49,26,25107.85,4227.78,2243.31
45776,786.0,102.0,21,6,12977.1,2671.76,763.36
45778,821.0,117.0,37,9,14250.91,4506.7,1096.22
45779,753.0,146.0,38,14,19389.11,5046.48,1859.23
45780,3176.0,761.0,195,55,23960.96,6139.8,1731.74
45782,492.0,67.0,7,,13617.89,1422.76,
45784,3402.0,613.0,109,32,18018.81,3204.0,940.62
45786,3617.0,559.0,81,27,15454.8,2239.42,746.47
45787,63.0,,,,,,
45788,1298.0,192.0,26,11,14791.99,2003.08,847.46
45789,150.0,43.0,8,,28666.67,5333.33,
45801,22688.0,5808.0,"1,144",327,25599.44,5042.31,1441.29
45804,15665.0,3970.0,881,258,25343.12,5624.0,1646.98
45805,23285.0,6257.0,"1,294",348,26871.38,5557.23,1494.52
45806,10608.0,2876.0,590,172,27111.61,5561.84,1621.42
45807,12407.0,2868.0,480,133,23115.98,3868.78,1071.98
45808,363.0,63.0,15,,17355.37,4132.23,
45809,163.0,28.0,,,17177.91,,
45810,8230.0,1771.0,410,161,21518.83,4981.77,1956.26
45812,1973.0,437.0,57,23,22149.01,2889.0,1165.74
45813,3616.0,872.0,169,50,24115.04,4673.67,1382.74
45814,3212.0,594.0,135,53,18493.15,4202.99,1650.06
45816,330.0,60.0,9,,18181.82,2727.27,
45817,6892.0,1220.0,207,53,17701.68,3003.48,769.01
45819,265.0,58.0,27,7,21886.79,10188.68,2641.51
45820,488.0,134.0,22,6,27459.02,4508.2,1229.51
45821,1186.0,294.0,51,10,24789.21,4300.17,843.17
45822,18714.0,4889.0,974,274,26124.83,5204.66,1464.14
45826,484.0,51.0,7,,10537.19,1446.28,
45827,2050.0,498.0,81,16,24292.68,3951.22,780.49
45828,6248.0,1490.0,306,62,23847.63,4897.57,992.32
45830,5796.0,1289.0,231,62,22239.48,3985.51,1069.7
45831,3269.0,781.0,134,26,23891.1,4099.11,795.35
45832,2923.0,627.0,88,29,21450.56,3010.61,992.13
45833,10605.0,2684.0,490,129,25308.82,4620.46,1216.41
45835,519.0,101.0,21,8,19460.5,4046.24,1541.43
45836,1344.0,316.0,69,20,23511.9,5133.93,1488.1
45840,55820.0,12378.0,"2,476",623,22174.85,4435.69,1116.09
45841,818.0,206.0,38,9,25183.37,4645.48,1100.24
45843,4117.0,785.0,139,39,19067.28,3376.24,947.29
45844,3172.0,716.0,110,20,22572.51,3467.84,630.52
45845,2871.0,540.0,136,26,18808.78,4737.03,905.61
45846,4297.0,767.0,102,23,17849.66,2373.75,535.26
45849,1084.0,262.0,40,13,24169.74,3690.04,1199.26
45850,3419.0,835.0,130,38,24422.35,3802.28,1111.44
45851,746.0,92.0,18,,12332.44,2412.87,
45853,1264.0,416.0,49,9,32911.39,3876.58,712.03
45854,459.0,101.0,20,7,22004.36,4357.3,1525.05
45855,154.0,48.0,8,,31168.83,5194.81,
45856,5211.0,1253.0,210,54,24045.29,4029.94,1036.27
45858,2880.0,624.0,127,38,21666.67,4409.72,1319.44
45859,508.0,109.0,11,,21456.69,2165.35,
45860,2314.0,370.0,41,8,15989.63,1771.82,345.72
45861,207.0,29.0,6,,14009.66,2898.55,
45862,1524.0,287.0,54,23,18832.02,3543.31,1509.19
45863,1279.0,258.0,44,15,20172.01,3440.19,1172.79
45864,168.0,29.0,7,,17261.9,4166.67,
45865,4905.0,1070.0,230,46,21814.48,4689.09,937.82
45866,142.0,35.0,9,,24647.89,6338.03,
45867,1113.0,209.0,35,7,18778.08,3144.65,628.93
45868,650.0,124.0,19,,19076.92,2923.08,
45869,4811.0,917.0,191,43,19060.49,3970.07,893.79
45870,246.0,24.0,,,9756.1,,
45871,2008.0,447.0,96,26,22260.96,4780.88,1294.82
45872,4106.0,1090.0,183,49,26546.52,4456.89,1193.38
45873,2263.0,514.0,89,39,22713.21,3932.83,1723.38
45874,2534.0,411.0,64,26,16219.42,2525.65,1026.05
45875,11403.0,2726.0,434,103,23905.99,3806.02,903.27
45876,705.0,248.0,33,7,35177.3,4680.85,992.91
45877,2148.0,430.0,81,19,20018.62,3770.95,884.54
45879,5805.0,1518.0,249,79,26149.87,4289.41,1360.9
45880,2690.0,579.0,111,34,21524.16,4126.39,1263.94
45881,1252.0,303.0,50,9,24201.28,3993.61,718.85
45882,2875.0,713.0,117,35,24800.0,4069.57,1217.39
45883,3877.0,758.0,127,25,19551.2,3275.73,644.83
45884,158.0,33.0,7,,20886.08,4430.38,
45885,12741.0,3229.0,742,168,25343.38,5823.72,1318.58
45886,502.0,99.0,12,,19721.12,2390.44,
45887,4298.0,1146.0,227,70,26663.56,5281.53,1628.66
45888,188.0,50.0,7,,26595.74,3723.4,
45889,1634.0,338.0,53,14,20685.43,3243.57,856.79
45890,488.0,154.0,31,9,31557.38,6352.46,1844.26
45891,14905.0,3749.0,605,181,25152.63,4059.04,1214.36
45894,635.0,136.0,27,9,21417.32,4251.97,1417.32
45895,17930.0,4431.0,850,265,24712.77,4740.66,1477.97
45896,1839.0,481.0,80,33,26155.52,4350.19,1794.45
45897,36.0,,,,,,
45898,873.0,206.0,30,9,23596.79,3436.43,1030.93
45899,110.0,48.0,9,5,43636.36,8181.82,4545.45
Unknown,,19775.0,"3,158",719,,,
